receiver_id,receiver_x,receiver_y
12,710077.109433772,6267321.03845744
14,703622.154132338,6266291.04558982